Nombre,Apellido,Correo,NumeroTelefonico,DNI,Edad,ID,Contrasena
Javier,Cabrera,javiercab@gmail.com,210987654,30,21098765,000017,12j4k5l6j7a
Miguel,Díaz,migueldiaz@gmail.com,654321098,32,65432109,000013,09u8i7h6g5fd
Lucía,Fernández,luciafern@gmail.com,987654321,23,98765432,000010,12hj4k5l6j7a
Marta,Ferrer,martaferr@gmail.com,876543210,22,87654321,000020,34hj6k7l8j9a
María,González,mariagonz@gmail.com,987654321,25,98765432,000002,98y23h4u8df
Andrés,Gómez,andresgome@gmail.com,876543210,21,87654321,000011,87sdf7g6sd5f
Pedro,Hernández,pedrohern@gmail.com,654321098,29,65432109,000007,sdf89h7j9a8d
Diego,Luna,diegoluna@gmail.com,789012345,27,78901234,000009,09u8i7h6g5fd
Ana,López,analopez@gmail.com,345678901,22,34567890,000004,98sdf7g6sd5f
Pablo,López,pablolope@gmail.com,987654321,25,98765432,000019,98sdf7g6sd5f
NuevoNombre,NuevoApellido,nuevoemail@gmail.com,123456789,35,98765432,000005,nuevacontrasena
Carmen,Ortega,carmenort@gmail.com,321098765,28,32109876,000016,98y23h4u8df
Juan,Pérez,juanperez@gmail.com,567890123,30,56789012,000003,12j4k5l6j7a
Isabel,Ramírez,isabelram@gmail.com,543210987,29,54321098,000014,23lk4j5h6k7j
Laura,Rodríguez,laurarodr@gmail.com,876543210,24,87654321,000006,09hdf78gh5fd
Raquel,Rojas,raquelroj@gmail.com,109876543,26,10987654,000018,46as4d6as4d
Luis,Santos,luissant@gmail.com,432109876,27,43210987,000015,sdf89h7j9a8d
Roberto,Sánchez,robertsanc@gmail.com,123465789,20,13467988,000001,46as4d6as4d
Sofía,Torres,sofiatorr@gmail.com,432109876,26,43210987,000008,23lk4j5h6k7j
